code,name,market,first_detected,last_detected
329180,HD현대중공업,KOSPI,2025-12-11,2025-12-12
010130,고려아연,KOSPI,2025-12-11,2025-12-12
000810,삼성화재,KOSPI,2025-12-11,2025-12-11
030200,KT,KOSPI,2025-12-11,2025-12-12
047050,포스코인터내셔널,KOSPI,2025-12-11,2025-12-12
443060,HD현대마린솔루션,KOSPI,2025-12-11,2025-12-12
010620,HD현대미포,KOSPI,2025-12-11,2025-12-12
029780,삼성카드,KOSPI,2025-12-11,2025-12-12
088980,맥쿼리인프라,KOSPI,2025-12-11,2025-12-12
062040,산일전기,KOSPI,2025-12-11,2025-12-12
108490,로보티즈,KOSDAQ,2025-12-11,2025-12-12
002380,KCC,KOSPI,2025-12-11,2025-12-12
052690,한전기술,KOSPI,2025-12-11,2025-12-12
042670,HD현대인프라코어,KOSPI,2025-12-11,2025-12-12
012750,에스원,KOSPI,2025-12-11,2025-12-12
026960,동서,KOSPI,2025-12-11,2025-12-12
068760,셀트리온제약,KOSDAQ,2025-12-11,2025-12-12
009970,영원무역홀딩스,KOSPI,2025-12-11,2025-12-12
103590,일진전기,KOSPI,2025-12-11,2025-12-12
005930,삼성전자,KOSPI,2025-12-12,2025-12-12
005935,삼성전자우,KOSPI,2025-12-12,2025-12-12
028260,삼성물산,KOSPI,2025-12-12,2025-12-12
034020,두산에너빌리티,KOSPI,2025-12-12,2025-12-12
000270,기아,KOSPI,2025-12-12,2025-12-12
267260,HD현대일렉트릭,KOSPI,2025-12-12,2025-12-12
012450,한화에어로스페이스,KOSPI,2025-12-12,2025-12-12
012330,현대모비스,KOSPI,2025-12-12,2025-12-12
011200,HMM,KOSPI,2025-12-12,2025-12-12
064350,현대로템,KOSPI,2025-12-12,2025-12-12
005490,POSCO홀딩스,KOSPI,2025-12-12,2025-12-12
010140,삼성중공업,KOSPI,2025-12-12,2025-12-12
138040,메리츠금융지주,KOSPI,2025-12-12,2025-12-12
267250,HD현대,KOSPI,2025-12-12,2025-12-12
024110,기업은행,KOSPI,2025-12-12,2025-12-12
034730,SK,KOSPI,2025-12-12,2025-12-12
086280,현대글로비스,KOSPI,2025-12-12,2025-12-12
003550,LG,KOSPI,2025-12-12,2025-12-12
047810,한국항공우주,KOSPI,2025-12-12,2025-12-12
272210,한화시스템,KOSPI,2025-12-12,2025-12-12
071050,한국금융지주,KOSPI,2025-12-12,2025-12-12
277810,레인보우로보틱스,KOSDAQ,2025-12-12,2025-12-12
000720,현대건설,KOSPI,2025-12-12,2025-12-12
003490,대한항공,KOSPI,2025-12-12,2025-12-12
180640,한진칼,KOSPI,2025-12-12,2025-12-12
039490,키움증권,KOSPI,2025-12-12,2025-12-12
064400,LG씨엔에스,KOSPI,2025-12-12,2025-12-12
000880,한화,KOSPI,2025-12-12,2025-12-12
006260,LS,KOSPI,2025-12-12,2025-12-12
241560,두산밥캣,KOSPI,2025-12-12,2025-12-12
454910,두산로보틱스,KOSPI,2025-12-12,2025-12-12
138930,BNK금융지주,KOSPI,2025-12-12,2025-12-12
175330,JB금융지주,KOSPI,2025-12-12,2025-12-12
005385,현대차우,KOSPI,2025-12-12,2025-12-12
004020,현대제철,KOSPI,2025-12-12,2025-12-12
001440,대한전선,KOSPI,2025-12-12,2025-12-12
082740,한화엔진,KOSPI,2025-12-12,2025-12-12
036460,한국가스공사,KOSPI,2025-12-12,2025-12-12
017800,현대엘리베이터,KOSPI,2025-12-12,2025-12-12
011780,금호석유화학,KOSPI,2025-12-12,2025-12-12
071970,HD현대마린엔진,KOSPI,2025-12-12,2025-12-12
009540,HD한국조선해양,KOSPI,2025-12-12,2025-12-12
016360,삼성증권,KOSPI,2025-12-12,2025-12-12
088350,한화생명,KOSPI,2025-12-12,2025-12-12
003690,코리안리,KOSPI,2025-12-12,2025-12-12
462870,시프트업,KOSPI,2025-12-12,2025-12-12
009420,한올바이오파마,KOSPI,2025-12-12,2025-12-12
097230,HJ중공업,KOSPI,2025-12-12,2025-12-12
475830,오름테라퓨틱,KOSDAQ,2025-12-12,2025-12-12
160190,하이젠알앤엠,KOSDAQ,2025-12-12,2025-12-12
023530,롯데쇼핑,KOSPI,2025-12-12,2025-12-12
006280,녹십자,KOSPI,2025-12-12,2025-12-12
006040,동원산업,KOSPI,2025-12-12,2025-12-12
483650,달바글로벌,KOSPI,2025-12-12,2025-12-12
083650,비에이치아이,KOSDAQ,2025-12-12,2025-12-12
023590,다우기술,KOSPI,2025-12-12,2025-12-12
011210,현대위아,KOSPI,2025-12-12,2025-12-12
058610,에스피지,KOSDAQ,2025-12-12,2025-12-12
060370,LS마린솔루션,KOSDAQ,2025-12-12,2025-12-12
006360,GS건설,KOSPI,2025-12-12,2025-12-12
375500,DL이앤씨,KOSPI,2025-12-12,2025-12-12
445680,큐리옥스바이오시스템즈,KOSDAQ,2025-12-12,2025-12-12
007340,DN오토모티브,KOSPI,2025-12-12,2025-12-12
047040,대우건설,KOSPI,2025-12-12,2025-12-12
437730,삼현,KOSDAQ,2025-12-12,2025-12-12
017960,한국카본,KOSPI,2025-12-12,2025-12-12
003570,SNT다이내믹스,KOSPI,2025-12-12,2025-12-12
077970,STX엔진,KOSPI,2025-12-12,2025-12-12
001430,세아베스틸지주,KOSPI,2025-12-12,2025-12-12
466100,클로봇,KOSDAQ,2025-12-12,2025-12-12
003540,대신증권,KOSPI,2025-12-12,2025-12-12
00680K,미래에셋증권2우B,KOSPI,2025-12-12,2025-12-12
249420,일동제약,KOSPI,2025-12-12,2025-12-12
000500,가온전선,KOSPI,2025-12-12,2025-12-12
001800,오리온홀딩스,KOSPI,2025-12-12,2025-12-12
071320,지역난방공사,KOSPI,2025-12-12,2025-12-12
100090,SK오션플랜트,KOSPI,2025-12-12,2025-12-12
319400,현대무벡스,KOSDAQ,2025-12-12,2025-12-12
317450,명인제약,KOSPI,2025-12-12,2025-12-12
424870,이뮨온시아,KOSDAQ,2025-12-12,2025-12-12
389470,인벤티지랩,KOSDAQ,2025-12-12,2025-12-12
388720,유일로보틱스,KOSDAQ,2025-12-12,2025-12-12
030610,교보증권,KOSPI,2025-12-12,2025-12-12
229640,LS에코에너지,KOSPI,2025-12-12,2025-12-12
012630,HDC,KOSPI,2025-12-12,2025-12-12
082640,동양생명,KOSPI,2025-12-12,2025-12-12
397030,에이프릴바이오,KOSDAQ,2025-12-12,2025-12-12
031980,피에스케이홀딩스,KOSDAQ,2025-12-12,2025-12-12
100840,SNT에너지,KOSPI,2025-12-12,2025-12-12
009450,경동나비엔,KOSPI,2025-12-12,2025-12-12
090360,로보스타,KOSDAQ,2025-12-12,2025-12-12
002350,넥센타이어,KOSPI,2025-12-12,2025-12-12
071055,한국금융지주우,KOSPI,2025-12-12,2025-12-12
039130,하나투어,KOSPI,2025-12-12,2025-12-12
102940,코오롱생명과학,KOSDAQ,2025-12-12,2025-12-12
003620,KG모빌리티,KOSPI,2025-12-12,2025-12-12
475150,SK이터닉스,KOSPI,2025-12-12,2025-12-12
079900,전진건설로봇,KOSPI,2025-12-12,2025-12-12
053800,안랩,KOSDAQ,2025-12-12,2025-12-12
090710,휴림로봇,KOSDAQ,2025-12-12,2025-12-12
372320,큐로셀,KOSDAQ,2025-12-12,2025-12-12
002020,코오롱,KOSPI,2025-12-12,2025-12-12
460930,현대힘스,KOSDAQ,2025-12-12,2025-12-12
025540,한국단자,KOSPI,2025-12-12,2025-12-12
125490,한라캐스트,KOSDAQ,2025-12-12,2025-12-12
001570,금양,KOSPI,2025-12-12,2025-12-12
001270,부국증권,KOSPI,2025-12-12,2025-12-12
099320,쎄트렉아이,KOSDAQ,2025-12-12,2025-12-12
383800,LX홀딩스,KOSPI,2025-12-12,2025-12-12
322000,HD현대에너지솔루션,KOSPI,2025-12-12,2025-12-12
006380,카프로,KOSPI,2025-12-12,2025-12-12
056080,유진로봇,KOSDAQ,2025-12-12,2025-12-12
094170,동운아나텍,KOSDAQ,2025-12-12,2025-12-12
138610,나이벡,KOSDAQ,2025-12-12,2025-12-12
003030,세아제강지주,KOSPI,2025-12-12,2025-12-12
017940,E1,KOSPI,2025-12-12,2025-12-12
093320,케이아이엔엑스,KOSDAQ,2025-12-12,2025-12-12
309710,아이티켐,KOSDAQ,2025-12-12,2025-12-12
016590,신대양제지,KOSPI,2025-12-12,2025-12-12
119850,지엔씨에너지,KOSDAQ,2025-12-12,2025-12-12
044490,태웅,KOSDAQ,2025-12-12,2025-12-12
033100,제룡전기,KOSDAQ,2025-12-12,2025-12-12
003545,대신증권우,KOSPI,2025-12-12,2025-12-12
016380,KG스틸,KOSPI,2025-12-12,2025-12-12
016800,퍼시스,KOSPI,2025-12-12,2025-12-12
029530,신도리코,KOSPI,2025-12-12,2025-12-12
100790,미래에셋벤처투자,KOSDAQ,2025-12-12,2025-12-12
005810,풍산홀딩스,KOSPI,2025-12-12,2025-12-12
004690,삼천리,KOSPI,2025-12-12,2025-12-12
003300,한일홀딩스,KOSPI,2025-12-12,2025-12-12
038500,삼표시멘트,KOSDAQ,2025-12-12,2025-12-12
097520,엠씨넥스,KOSPI,2025-12-12,2025-12-12
455900,엔젤로보틱스,KOSDAQ,2025-12-12,2025-12-12
005610,SPC삼립,KOSPI,2025-12-12,2025-12-12
009900,명신산업,KOSPI,2025-12-12,2025-12-12
059090,미코,KOSDAQ,2025-12-12,2025-12-12
005389,현대차3우B,KOSPI,2025-12-12,2025-12-12
092200,디아이씨,KOSPI,2025-12-12,2025-12-12
183190,아세아시멘트,KOSPI,2025-12-12,2025-12-12
347700,스피어,KOSDAQ,2025-12-12,2025-12-12
014830,유니드,KOSPI,2025-12-12,2025-12-12
033790,피노,KOSDAQ,2025-12-12,2025-12-12
475400,씨메스,KOSDAQ,2025-12-12,2025-12-12
460860,동국제강,KOSPI,2025-12-12,2025-12-12
105840,우진,KOSPI,2025-12-12,2025-12-12
079940,가비아,KOSDAQ,2025-12-12,2025-12-12
084010,대한제강,KOSPI,2025-12-12,2025-12-12
304100,솔트룩스,KOSDAQ,2025-12-12,2025-12-12
015360,INVENI,KOSPI,2025-12-12,2025-12-12
027410,BGF,KOSPI,2025-12-12,2025-12-12
338840,와이바이오로직스,KOSDAQ,2025-12-12,2025-12-12
117730,티로보틱스,KOSDAQ,2025-12-12,2025-12-12
098070,한텍,KOSDAQ,2025-12-12,2025-12-12
403550,쏘카,KOSPI,2025-12-12,2025-12-12
031330,에스에이엠티,KOSDAQ,2025-12-12,2025-12-12
441270,파인엠텍,KOSDAQ,2025-12-12,2025-12-12
348340,뉴로메카,KOSDAQ,2025-12-12,2025-12-12
295310,에이치브이엠,KOSDAQ,2025-12-12,2025-12-12
035890,서희건설,KOSDAQ,2025-12-12,2025-12-12
034120,SBS,KOSPI,2025-12-12,2025-12-12
005945,NH투자증권우,KOSPI,2025-12-12,2025-12-12
065660,안트로젠,KOSDAQ,2025-12-12,2025-12-12
003800,에이스침대,KOSDAQ,2025-12-12,2025-12-12
126560,현대퓨처넷,KOSPI,2025-12-12,2025-12-12
448900,한국피아이엠,KOSDAQ,2025-12-12,2025-12-12
389260,대명에너지,KOSDAQ,2025-12-12,2025-12-12
011930,신성이엔지,KOSPI,2025-12-12,2025-12-12
092230,KPX홀딩스,KOSPI,2025-12-12,2025-12-12
126720,수산인더스트리,KOSPI,2025-12-12,2025-12-12
009680,모토닉,KOSPI,2025-12-12,2025-12-12
459510,나우로보틱스,KOSDAQ,2025-12-12,2025-12-12
123890,한국자산신탁,KOSPI,2025-12-12,2025-12-12
002320,한진,KOSPI,2025-12-12,2025-12-12
092460,한라IMS,KOSDAQ,2025-12-12,2025-12-12
003120,일성아이에스,KOSPI,2025-12-12,2025-12-12
035810,이지홀딩스,KOSDAQ,2025-12-12,2025-12-12
036890,진성티이씨,KOSDAQ,2025-12-12,2025-12-12
286940,롯데이노베이트,KOSPI,2025-12-12,2025-12-12
000050,경방,KOSPI,2025-12-12,2025-12-12
481070,에이유브랜즈,KOSDAQ,2025-12-12,2025-12-12
007690,국도화학,KOSPI,2025-12-12,2025-12-12
002900,TYM,KOSPI,2025-12-12,2025-12-12
006340,대원전선,KOSPI,2025-12-12,2025-12-12
018310,삼목에스폼,KOSDAQ,2025-12-12,2025-12-12
004360,세방,KOSPI,2025-12-12,2025-12-12
462860,더즌,KOSDAQ,2025-12-12,2025-12-12
452430,사피엔반도체,KOSDAQ,2025-12-12,2025-12-12
027360,아주IB투자,KOSDAQ,2025-12-12,2025-12-12
151860,KG에코솔루션,KOSDAQ,2025-12-12,2025-12-12
299030,하나기술,KOSDAQ,2025-12-12,2025-12-12
018000,유니슨,KOSDAQ,2025-12-12,2025-12-12
006910,보성파워텍,KOSDAQ,2025-12-12,2025-12-12
023410,유진기업,KOSDAQ,2025-12-12,2025-12-12
255220,SG,KOSDAQ,2025-12-12,2025-12-12
368770,파이버프로,KOSDAQ,2025-12-12,2025-12-12
290690,소룩스,KOSDAQ,2025-12-12,2025-12-12
236200,슈프리마,KOSDAQ,2025-12-12,2025-12-12
108670,LX하우시스,KOSPI,2025-12-12,2025-12-12
034810,해성산업,KOSDAQ,2025-12-12,2025-12-12
078020,LS증권,KOSDAQ,2025-12-12,2025-12-12
122900,아이마켓코리아,KOSPI,2025-12-12,2025-12-12
000490,대동,KOSPI,2025-12-12,2025-12-12
000680,LS네트웍스,KOSPI,2025-12-12,2025-12-12
182400,엔케이맥스,KOSDAQ,2025-12-12,2025-12-12
013120,동원개발,KOSDAQ,2025-12-12,2025-12-12
484810,티엑스알로보틱스,KOSDAQ,2025-12-12,2025-12-12
270660,에브리봇,KOSDAQ,2025-12-12,2025-12-12
001130,대한제분,KOSPI,2025-12-12,2025-12-12
121800,비덴트,KOSDAQ,2025-12-12,2025-12-12
025000,KPX케미칼,KOSPI,2025-12-12,2025-12-12
150840,인트로메딕,KOSDAQ,2025-12-12,2025-12-12
037710,광주신세계,KOSPI,2025-12-12,2025-12-12
043370,피에이치에이,KOSDAQ,2025-12-12,2025-12-12
007570,일양약품,KOSPI,2025-12-12,2025-12-12
001750,한양증권,KOSPI,2025-12-12,2025-12-12
042370,비츠로테크,KOSDAQ,2025-12-12,2025-12-12
000480,CR홀딩스,KOSPI,2025-12-12,2025-12-12
058430,포스코스틸리온,KOSPI,2025-12-12,2025-12-12
121440,골프존홀딩스,KOSDAQ,2025-12-12,2025-12-12
190510,나무가,KOSDAQ,2025-12-12,2025-12-12
208340,파멥신,KOSDAQ,2025-12-12,2025-12-12
003610,방림,KOSPI,2025-12-12,2025-12-12
037460,삼지전자,KOSDAQ,2025-12-12,2025-12-12
02826K,삼성물산우B,KOSPI,2025-12-12,2025-12-12
234340,헥토파이낸셜,KOSDAQ,2025-12-12,2025-12-12
068930,디지털대성,KOSDAQ,2025-12-12,2025-12-12
039570,HDC랩스,KOSPI,2025-12-12,2025-12-12
092130,이크레더블,KOSDAQ,2025-12-12,2025-12-12
214180,헥토이노베이션,KOSDAQ,2025-12-12,2025-12-12
057880,푸른소나무,KOSDAQ,2025-12-12,2025-12-12
005680,삼영전자,KOSPI,2025-12-12,2025-12-12
353810,이지바이오,KOSDAQ,2025-12-12,2025-12-12
060150,인선이엔티,KOSDAQ,2025-12-12,2025-12-12
457550,우진엔텍,KOSDAQ,2025-12-12,2025-12-12
001045,CJ우,KOSPI,2025-12-12,2025-12-12
014280,금강공업,KOSPI,2025-12-12,2025-12-12
134380,미원화학,KOSPI,2025-12-12,2025-12-12
004380,삼익THK,KOSPI,2025-12-12,2025-12-12
080580,오킨스전자,KOSDAQ,2025-12-12,2025-12-12
456010,아이씨티케이,KOSDAQ,2025-12-12,2025-12-12
003547,대신증권2우B,KOSPI,2025-12-12,2025-12-12
293480,하나제약,KOSPI,2025-12-12,2025-12-12
264850,이랜시스,KOSDAQ,2025-12-12,2025-12-12
091580,상신이디피,KOSDAQ,2025-12-12,2025-12-12
003650,미창석유,KOSPI,2025-12-12,2025-12-12
400760,NH올원리츠,KOSPI,2025-12-12,2025-12-12
143160,아이디스,KOSDAQ,2025-12-12,2025-12-12
033160,엠케이전자,KOSDAQ,2025-12-12,2025-12-12
340450,지씨지놈,KOSDAQ,2025-12-12,2025-12-12
016790,현대사료,KOSDAQ,2025-12-12,2025-12-12
011040,경동제약,KOSDAQ,2025-12-12,2025-12-12
015230,대창단조,KOSPI,2025-12-12,2025-12-12
037560,LG헬로비전,KOSPI,2025-12-12,2025-12-12
314130,지놈앤컴퍼니,KOSDAQ,2025-12-12,2025-12-12
002100,경농,KOSPI,2025-12-12,2025-12-12
297090,씨에스베어링,KOSDAQ,2025-12-12,2025-12-12
460940,피앤에스로보틱스,KOSDAQ,2025-12-12,2025-12-12
094820,일진파워,KOSDAQ,2025-12-12,2025-12-12
084670,동양고속,KOSPI,2025-12-12,2025-12-12
090350,노루페인트,KOSPI,2025-12-12,2025-12-12
025820,이구산업,KOSPI,2025-12-12,2025-12-12
463020,뉴엔AI,KOSDAQ,2025-12-12,2025-12-12
215100,로보로보,KOSDAQ,2025-12-12,2025-12-12
041920,메디아나,KOSDAQ,2025-12-12,2025-12-12
462520,조선내화,KOSPI,2025-12-12,2025-12-12
158430,아톤,KOSDAQ,2025-12-12,2025-12-12
096250,와이즈넛,KOSDAQ,2025-12-12,2025-12-12
002170,삼양통상,KOSPI,2025-12-12,2025-12-12
004560,현대비앤지스틸,KOSPI,2025-12-12,2025-12-12
211270,AP위성,KOSDAQ,2025-12-12,2025-12-12
214680,디알텍,KOSDAQ,2025-12-12,2025-12-12
000300,DH오토넥스,KOSPI,2025-12-12,2025-12-12
083420,그린케미칼,KOSPI,2025-12-12,2025-12-12
070960,모나용평,KOSPI,2025-12-12,2025-12-12
007330,푸른저축은행,KOSDAQ,2025-12-12,2025-12-12
003460,유화증권,KOSPI,2025-12-12,2025-12-12
000700,유수홀딩스,KOSPI,2025-12-12,2025-12-12
217730,강스템바이오텍,KOSDAQ,2025-12-12,2025-12-12
066410,버킷스튜디오,KOSDAQ,2025-12-12,2025-12-12
003830,대한화섬,KOSPI,2025-12-12,2025-12-12
143240,사람인,KOSDAQ,2025-12-12,2025-12-12
046070,코다코,KOSDAQ,2025-12-12,2025-12-12
052330,코텍,KOSDAQ,2025-12-12,2025-12-12
008110,대동전자,KOSPI,2025-12-12,2025-12-12
322180,LS티라유텍,KOSDAQ,2025-12-12,2025-12-12
388050,지투파워,KOSDAQ,2025-12-12,2025-12-12
037070,파세코,KOSDAQ,2025-12-12,2025-12-12
086980,쇼박스,KOSDAQ,2025-12-12,2025-12-12
109610,에스와이,KOSDAQ,2025-12-12,2025-12-12
089600,KT나스미디어,KOSDAQ,2025-12-12,2025-12-12
210540,디와이파워,KOSPI,2025-12-12,2025-12-12
068790,DMS,KOSDAQ,2025-12-12,2025-12-12
094280,효성ITX,KOSPI,2025-12-12,2025-12-12
021080,에이티넘인베스트,KOSDAQ,2025-12-12,2025-12-12
298000,효성화학,KOSPI,2025-12-12,2025-12-12
004970,신라교역,KOSPI,2025-12-12,2025-12-12
052420,오성첨단소재,KOSDAQ,2025-12-12,2025-12-12
322510,제이엘케이,KOSDAQ,2025-12-12,2025-12-12
226590,엠디바이스,KOSDAQ,2025-12-12,2025-12-12
223250,드림씨아이에스,KOSDAQ,2025-12-12,2025-12-12
016710,대성홀딩스,KOSPI,2025-12-12,2025-12-12
096240,크레버스,KOSDAQ,2025-12-12,2025-12-12
071200,인피니트헬스케어,KOSDAQ,2025-12-12,2025-12-12
274090,켄코아에어로스페이스,KOSDAQ,2025-12-12,2025-12-12
264450,유비쿼스,KOSDAQ,2025-12-12,2025-12-12
366030,공구우먼,KOSDAQ,2025-12-12,2025-12-12
474170,루미르,KOSDAQ,2025-12-12,2025-12-12
072870,메가스터디,KOSDAQ,2025-12-12,2025-12-12
030960,양지사,KOSDAQ,2025-12-12,2025-12-12
033180,KH 필룩스,KOSPI,2025-12-12,2025-12-12
019440,세아특수강,KOSPI,2025-12-12,2025-12-12
140670,알에스오토메이션,KOSDAQ,2025-12-12,2025-12-12
002460,HS화성,KOSPI,2025-12-12,2025-12-12
077500,유니퀘스트,KOSPI,2025-12-12,2025-12-12
014580,태경비케이,KOSPI,2025-12-12,2025-12-12
004960,한신공영,KOSPI,2025-12-12,2025-12-12
219130,타이거일렉,KOSDAQ,2025-12-12,2025-12-12
004140,동방,KOSPI,2025-12-12,2025-12-12
085670,뉴프렉스,KOSDAQ,2025-12-12,2025-12-12
269620,시스웍,KOSDAQ,2025-12-12,2025-12-12
007110,일신석재,KOSPI,2025-12-12,2025-12-12
004080,신흥,KOSPI,2025-12-12,2025-12-12
451760,컨텍,KOSDAQ,2025-12-12,2025-12-12
361390,제노코,KOSDAQ,2025-12-12,2025-12-12
309960,LB인베스트먼트,KOSDAQ,2025-12-12,2025-12-12
002230,피에스텍,KOSDAQ,2025-12-12,2025-12-12
125020,티씨머티리얼즈,KOSDAQ,2025-12-12,2025-12-12
443250,레뷰코퍼레이션,KOSDAQ,2025-12-12,2025-12-12
348150,고바이오랩,KOSDAQ,2025-12-12,2025-12-12
015590,DKME,KOSPI,2025-12-12,2025-12-12
090850,현대이지웰,KOSDAQ,2025-12-12,2025-12-12
083790,CG인바이츠,KOSDAQ,2025-12-12,2025-12-12
048550,SM C&C,KOSDAQ,2025-12-12,2025-12-12
100130,동국S&C,KOSDAQ,2025-12-12,2025-12-12
014530,극동유화,KOSPI,2025-12-12,2025-12-12
014160,대영포장,KOSPI,2025-12-12,2025-12-12
010660,화천기계,KOSPI,2025-12-12,2025-12-12
041590,플래스크,KOSDAQ,2025-12-12,2025-12-12
013310,아진산업,KOSDAQ,2025-12-12,2025-12-12
034590,인천도시가스,KOSPI,2025-12-12,2025-12-12
348080,큐라티스,KOSDAQ,2025-12-12,2025-12-12
024880,케이피에프,KOSDAQ,2025-12-12,2025-12-12
046120,오르비텍,KOSDAQ,2025-12-12,2025-12-12
017550,수산세보틱스,KOSPI,2025-12-12,2025-12-12
227840,현대코퍼레이션홀딩스,KOSPI,2025-12-12,2025-12-12
03473K,SK우,KOSPI,2025-12-12,2025-12-12
002450,삼익악기,KOSPI,2025-12-12,2025-12-12
019550,SBI인베스트먼트,KOSDAQ,2025-12-12,2025-12-12
000180,성창기업지주,KOSPI,2025-12-12,2025-12-12
016740,두올,KOSPI,2025-12-12,2025-12-12
209640,와이제이링크,KOSDAQ,2025-12-12,2025-12-12
005870,휴니드,KOSPI,2025-12-12,2025-12-12
011810,STX,KOSPI,2025-12-12,2025-12-12
389030,지니너스,KOSDAQ,2025-12-12,2025-12-12
002780,진흥기업,KOSPI,2025-12-12,2025-12-12
044340,위닉스,KOSDAQ,2025-12-12,2025-12-12
228670,레이,KOSDAQ,2025-12-12,2025-12-12
093920,서원인텍,KOSDAQ,2025-12-12,2025-12-12
009300,삼아제약,KOSDAQ,2025-12-12,2025-12-12
042510,라온시큐어,KOSDAQ,2025-12-12,2025-12-12
299170,더블유에스아이,KOSDAQ,2025-12-12,2025-12-12
011700,한신기계,KOSPI,2025-12-12,2025-12-12
008260,NI스틸,KOSPI,2025-12-12,2025-12-12
037350,성도이엔지,KOSDAQ,2025-12-12,2025-12-12
417010,나노팀,KOSDAQ,2025-12-12,2025-12-12
183490,엔지켐생명과학,KOSDAQ,2025-12-12,2025-12-12
066790,씨씨에스,KOSDAQ,2025-12-12,2025-12-12
058860,KTis,KOSPI,2025-12-12,2025-12-12
446840,지슨,KOSDAQ,2025-12-12,2025-12-12
004890,동일산업,KOSPI,2025-12-12,2025-12-12
053280,예스24,KOSDAQ,2025-12-12,2025-12-12
002700,신일전자,KOSPI,2025-12-12,2025-12-12
307930,컴퍼니케이,KOSDAQ,2025-12-12,2025-12-12
900250,크리스탈신소재,KOSDAQ,2025-12-12,2025-12-12
149980,하이로닉,KOSDAQ,2025-12-12,2025-12-12
011320,유니크,KOSDAQ,2025-12-12,2025-12-12
003780,진양산업,KOSPI,2025-12-12,2025-12-12
004100,태양금속,KOSPI,2025-12-12,2025-12-12
173130,오파스넷,KOSDAQ,2025-12-12,2025-12-12
053700,삼보모터스,KOSDAQ,2025-12-12,2025-12-12
453860,에이에스텍,KOSDAQ,2025-12-12,2025-12-12
289080,SV인베스트먼트,KOSDAQ,2025-12-12,2025-12-12
111710,남화산업,KOSDAQ,2025-12-12,2025-12-12
025550,한국선재,KOSDAQ,2025-12-12,2025-12-12
339950,아이비김영,KOSDAQ,2025-12-12,2025-12-12
084730,팅크웨어,KOSDAQ,2025-12-12,2025-12-12
225190,LK삼양,KOSDAQ,2025-12-12,2025-12-12
001380,SG글로벌,KOSPI,2025-12-12,2025-12-12
396270,넥스트칩,KOSDAQ,2025-12-12,2025-12-12
307180,아이엘,KOSDAQ,2025-12-12,2025-12-12
007820,에스엠코어,KOSDAQ,2025-12-12,2025-12-12
010040,한국내화,KOSPI,2025-12-12,2025-12-12
009200,무림페이퍼,KOSPI,2025-12-12,2025-12-12
027830,대성창투,KOSDAQ,2025-12-12,2025-12-12
290740,액트로,KOSDAQ,2025-12-12,2025-12-12
011390,부산산업,KOSPI,2025-12-12,2025-12-12
382480,지아이텍,KOSDAQ,2025-12-12,2025-12-12
412540,제일엠앤에스,KOSDAQ,2025-12-12,2025-12-12
111110,호전실업,KOSPI,2025-12-12,2025-12-12
222110,팬젠,KOSDAQ,2025-12-12,2025-12-12
001470,삼부토건,KOSPI,2025-12-12,2025-12-12
222160,NPX,KOSDAQ,2025-12-12,2025-12-12
038460,바이오스마트,KOSDAQ,2025-12-12,2025-12-12
053260,금강철강,KOSDAQ,2025-12-12,2025-12-12
032540,TJ미디어,KOSDAQ,2025-12-12,2025-12-12
003560,IHQ,KOSPI,2025-12-12,2025-12-12
203690,아크솔루션스,KOSDAQ,2025-12-12,2025-12-12
039010,현대에이치티,KOSDAQ,2025-12-12,2025-12-12
351330,이삭엔지니어링,KOSDAQ,2025-12-12,2025-12-12
004590,한국가구,KOSDAQ,2025-12-12,2025-12-12
137950,제이씨케미칼,KOSDAQ,2025-12-12,2025-12-12
043650,국순당,KOSDAQ,2025-12-12,2025-12-12
263600,덕우전자,KOSDAQ,2025-12-12,2025-12-12
000220,유유제약,KOSPI,2025-12-12,2025-12-12
435570,에르코스,KOSDAQ,2025-12-12,2025-12-12
364950,에이아이코리아,KOSDAQ,2025-12-12,2025-12-12
101330,모베이스,KOSDAQ,2025-12-12,2025-12-12
451220,아이엠티,KOSDAQ,2025-12-12,2025-12-12
234920,자이글,KOSDAQ,2025-12-12,2025-12-12
355390,크라우드웍스,KOSDAQ,2025-12-12,2025-12-12
052790,액토즈소프트,KOSDAQ,2025-12-12,2025-12-12
128660,피제이메탈,KOSDAQ,2025-12-12,2025-12-12
471820,셀로맥스사이언스,KOSDAQ,2025-12-12,2025-12-12
073640,테라사이언스,KOSDAQ,2025-12-12,2025-12-12
094840,슈프리마에이치큐,KOSDAQ,2025-12-12,2025-12-12
226360,KH 건설,KOSDAQ,2025-12-12,2025-12-12
352700,씨앤투스,KOSDAQ,2025-12-12,2025-12-12
006370,대구백화점,KOSPI,2025-12-12,2025-12-12
332370,아이디피,KOSDAQ,2025-12-12,2025-12-12
075180,새론오토모티브,KOSPI,2025-12-12,2025-12-12
015710,코콤,KOSDAQ,2025-12-12,2025-12-12
040610,SG&G,KOSDAQ,2025-12-12,2025-12-12
378850,화승알앤에이,KOSPI,2025-12-12,2025-12-12
004910,조광페인트,KOSPI,2025-12-12,2025-12-12
046940,우원개발,KOSDAQ,2025-12-12,2025-12-12
111870,KH 미래물산,KOSDAQ,2025-12-12,2025-12-12
440290,HB인베스트먼트,KOSDAQ,2025-12-12,2025-12-12
000725,현대건설우,KOSPI,2025-12-12,2025-12-12
052670,제일바이오,KOSDAQ,2025-12-12,2025-12-12
024840,KBI메탈,KOSDAQ,2025-12-12,2025-12-12
900260,로스웰,KOSDAQ,2025-12-12,2025-12-12
032960,동일기연,KOSDAQ,2025-12-12,2025-12-12
053270,구영테크,KOSDAQ,2025-12-12,2025-12-12
024940,PN풍년,KOSDAQ,2025-12-12,2025-12-12
066130,하츠,KOSDAQ,2025-12-12,2025-12-12
051490,나라엠앤디,KOSDAQ,2025-12-12,2025-12-12
099520,DGI,KOSDAQ,2025-12-12,2025-12-12
025530,SJM홀딩스,KOSPI,2025-12-12,2025-12-12
003310,대주산업,KOSDAQ,2025-12-12,2025-12-12
245620,EDGC,KOSDAQ,2025-12-12,2025-12-12
046970,우리로,KOSDAQ,2025-12-12,2025-12-12
024950,삼천리자전거,KOSDAQ,2025-12-12,2025-12-12
474610,RF시스템즈,KOSDAQ,2025-12-12,2025-12-12
053620,태양,KOSDAQ,2025-12-12,2025-12-12
002920,유성기업,KOSPI,2025-12-12,2025-12-12
012160,영흥,KOSPI,2025-12-12,2025-12-12
069730,DSR제강,KOSPI,2025-12-12,2025-12-12
217480,에스디생명공학,KOSDAQ,2025-12-12,2025-12-12
023350,한국종합기술,KOSPI,2025-12-12,2025-12-12
007610,선도전기,KOSPI,2025-12-12,2025-12-12
036180,지더블유바이텍,KOSDAQ,2025-12-12,2025-12-12
046310,백금T&A,KOSDAQ,2025-12-12,2025-12-12
002410,범양건영,KOSPI,2025-12-12,2025-12-12
178780,일월지엠엘,KOSDAQ,2025-12-12,2025-12-12
021880,메이슨캐피탈,KOSDAQ,2025-12-12,2025-12-12
049830,승일,KOSDAQ,2025-12-12,2025-12-12
294090,이오플로우,KOSDAQ,2025-12-12,2025-12-12
096610,알에프세미,KOSDAQ,2025-12-12,2025-12-12
039290,인포뱅크,KOSDAQ,2025-12-12,2025-12-12
021050,서원,KOSPI,2025-12-12,2025-12-12
200780,비씨월드제약,KOSDAQ,2025-12-12,2025-12-12
010600,웰바이오텍,KOSPI,2025-12-12,2025-12-12
37550K,DL이앤씨우,KOSPI,2025-12-12,2025-12-12
273060,와이즈버즈,KOSDAQ,2025-12-12,2025-12-12
357430,마스턴프리미어리츠,KOSPI,2025-12-12,2025-12-12
012280,영화금속,KOSPI,2025-12-12,2025-12-12
003465,유화증권우,KOSPI,2025-12-12,2025-12-12
122350,삼기,KOSDAQ,2025-12-12,2025-12-12
122690,서진오토모티브,KOSDAQ,2025-12-12,2025-12-12
082660,코스나인,KOSDAQ,2025-12-12,2025-12-12
208860,다산디엠씨,KOSDAQ,2025-12-12,2025-12-12
014570,고려제약,KOSDAQ,2025-12-12,2025-12-12
023960,에쓰씨엔지니어링,KOSPI,2025-12-12,2025-12-12
140520,대창스틸,KOSDAQ,2025-12-12,2025-12-12
020760,일진디스플,KOSPI,2025-12-12,2025-12-12
204020,그리티,KOSDAQ,2025-12-12,2025-12-12
418250,시큐레터,KOSDAQ,2025-12-12,2025-12-12
038620,위즈코프,KOSDAQ,2025-12-12,2025-12-12
123010,아이윈플러스,KOSDAQ,2025-12-12,2025-12-12
104200,NHN벅스,KOSDAQ,2025-12-12,2025-12-12
006050,국영지앤엠,KOSDAQ,2025-12-12,2025-12-12
016600,큐캐피탈,KOSDAQ,2025-12-12,2025-12-12
019770,서연탑메탈,KOSDAQ,2025-12-12,2025-12-12
406820,뷰티스킨,KOSDAQ,2025-12-12,2025-12-12
075970,동국알앤에스,KOSDAQ,2025-12-12,2025-12-12
033540,파라텍,KOSDAQ,2025-12-12,2025-12-12
008420,문배철강,KOSPI,2025-12-12,2025-12-12
079000,와토스코리아,KOSDAQ,2025-12-12,2025-12-12
048770,TPC,KOSDAQ,2025-12-12,2025-12-12
019490,엑시큐어하이트론,KOSPI,2025-12-12,2025-12-12
188040,바이오포트,KOSDAQ,2025-12-12,2025-12-12
024120,KB오토시스,KOSDAQ,2025-12-12,2025-12-12
022220,티케이지애강,KOSDAQ,2025-12-12,2025-12-12
119500,포메탈,KOSDAQ,2025-12-12,2025-12-12
049800,우진플라임,KOSPI,2025-12-12,2025-12-12
005030,부산주공,KOSPI,2025-12-12,2025-12-12
021650,한국큐빅,KOSDAQ,2025-12-12,2025-12-12
306040,에스제이그룹,KOSDAQ,2025-12-12,2025-12-12
900310,컬러레이,KOSDAQ,2025-12-12,2025-12-12
074610,이엔플러스,KOSPI,2025-12-12,2025-12-12
276040,스코넥,KOSDAQ,2025-12-12,2025-12-12
222980,한국맥널티,KOSDAQ,2025-12-12,2025-12-12
398120,에스지헬스케어,KOSDAQ,2025-12-12,2025-12-12
012620,원일특강,KOSDAQ,2025-12-12,2025-12-12
068940,셀피글로벌,KOSDAQ,2025-12-12,2025-12-12
066360,체리부로,KOSDAQ,2025-12-12,2025-12-12
089140,넥스턴앤롤코리아,KOSDAQ,2025-12-12,2025-12-12
004365,세방우,KOSPI,2025-12-12,2025-12-12
001070,대한방직,KOSPI,2025-12-12,2025-12-12
001140,국보,KOSPI,2025-12-12,2025-12-12
290560,신시웨이,KOSDAQ,2025-12-12,2025-12-12
004270,남성,KOSPI,2025-12-12,2025-12-12
090150,아이윈,KOSDAQ,2025-12-12,2025-12-12
009460,한창제지,KOSPI,2025-12-12,2025-12-12
032680,소프트센,KOSDAQ,2025-12-12,2025-12-12
131090,시큐브,KOSDAQ,2025-12-12,2025-12-12
451700,엔에이치스팩29호,KOSDAQ,2025-12-12,2025-12-12
070300,엑스큐어,KOSDAQ,2025-12-12,2025-12-12
246250,에스엘에스바이오,KOSDAQ,2025-12-12,2025-12-12
240600,유진테크놀로지,KOSDAQ,2025-12-12,2025-12-12
002025,코오롱우,KOSPI,2025-12-12,2025-12-12
331520,밸로프,KOSDAQ,2025-12-12,2025-12-12
187220,디티앤씨,KOSDAQ,2025-12-12,2025-12-12
101000,KS인더스트리,KOSDAQ,2025-12-12,2025-12-12
317240,TS트릴리온,KOSDAQ,2025-12-12,2025-12-12
065650,하이퍼코퍼레이션,KOSDAQ,2025-12-12,2025-12-12
258830,세종메디칼,KOSDAQ,2025-12-12,2025-12-12
217620,선샤인푸드,KOSDAQ,2025-12-12,2025-12-12
464680,KB제27호스팩,KOSDAQ,2025-12-12,2025-12-12
067730,로지시스,KOSDAQ,2025-12-12,2025-12-12
193250,링크드,KOSDAQ,2025-12-12,2025-12-12
089230,THE E&M,KOSDAQ,2025-12-12,2025-12-12
005110,한창,KOSPI,2025-12-12,2025-12-12
347770,핌스,KOSDAQ,2025-12-12,2025-12-12
405000,플라즈맵,KOSDAQ,2025-12-12,2025-12-12
192390,윈하이텍,KOSDAQ,2025-12-12,2025-12-12
002210,동성제약,KOSPI,2025-12-12,2025-12-12
900100,애머릿지,KOSDAQ,2025-12-12,2025-12-12
204630,스튜디오산타클로스,KOSDAQ,2025-12-12,2025-12-12
139050,BF랩스,KOSDAQ,2025-12-12,2025-12-12
005257,녹십자홀딩스2우,KOSPI,2025-12-12,2025-12-12
448760,IBKS제22호스팩,KOSDAQ,2025-12-12,2025-12-12
002355,넥센타이어1우B,KOSPI,2025-12-12,2025-12-12
019685,대교우B,KOSPI,2025-12-12,2025-12-12
196700,웹스,KOSDAQ,2025-12-12,2025-12-12
002680,한탑,KOSDAQ,2025-12-12,2025-12-12
065150,대산F&B,KOSDAQ,2025-12-12,2025-12-12
001685,대상우,KOSPI,2025-12-12,2025-12-12
050760,에스폴리텍,KOSDAQ,2025-12-12,2025-12-12
053060,세동,KOSDAQ,2025-12-12,2025-12-12
008500,일정실업,KOSPI,2025-12-12,2025-12-12
080720,한국유니온제약,KOSDAQ,2025-12-12,2025-12-12
230980,비유테크놀러지,KOSDAQ,2025-12-12,2025-12-12
130740,티피씨글로벌,KOSDAQ,2025-12-12,2025-12-12
18064K,한진칼우,KOSPI,2025-12-12,2025-12-12
020400,대동금속,KOSDAQ,2025-12-12,2025-12-12
466910,엔에이치스팩30호,KOSDAQ,2025-12-12,2025-12-12
032980,바이온,KOSDAQ,2025-12-12,2025-12-12
009440,KC그린홀딩스,KOSPI,2025-12-12,2025-12-12
060480,국일신동,KOSDAQ,2025-12-12,2025-12-12
000087,하이트진로2우B,KOSPI,2025-12-12,2025-12-12
241820,피씨엘,KOSDAQ,2025-12-12,2025-12-12
001795,대한제당우,KOSPI,2025-12-12,2025-12-12
106520,노블엠앤비,KOSDAQ,2025-12-12,2025-12-12
457630,대신밸런스제16호스팩,KOSDAQ,2025-12-12,2025-12-12
227100,퀀텀온,KOSDAQ,2025-12-12,2025-12-12
052770,아이톡시,KOSDAQ,2025-12-12,2025-12-12
473050,유안타제15호스팩,KOSDAQ,2025-12-12,2025-12-12
145995,삼양사우,KOSPI,2025-12-12,2025-12-12
140910,에이리츠,KOSPI,2025-12-12,2025-12-12
352770,셀레스트라,KOSDAQ,2025-12-12,2025-12-12
030350,드래곤플라이,KOSDAQ,2025-12-12,2025-12-12
471050,대신밸런스제17호스팩,KOSDAQ,2025-12-12,2025-12-12
004255,NPC우,KOSPI,2025-12-12,2025-12-12
001067,JW중외제약2우B,KOSPI,2025-12-12,2025-12-12
03481K,해성산업1우,KOSDAQ,2025-12-12,2025-12-12
054180,메디콕스,KOSDAQ,2025-12-12,2025-12-12
054630,에이디칩스,KOSDAQ,2025-12-12,2025-12-12
482520,교보16호스팩,KOSDAQ,2025-12-12,2025-12-12
0037T0,KB제32호스팩,KOSDAQ,2025-12-12,2025-12-12
065570,삼영이엔씨,KOSDAQ,2025-12-12,2025-12-12
474660,신한제12호스팩,KOSDAQ,2025-12-12,2025-12-12
174880,장원테크,KOSDAQ,2025-12-12,2025-12-12
060240,스타코링크,KOSDAQ,2025-12-12,2025-12-12
477470,미래에셋비전스팩5호,KOSDAQ,2025-12-12,2025-12-12
496070,신한제16호스팩,KOSDAQ,2025-12-12,2025-12-12
489210,교보17호스팩,KOSDAQ,2025-12-12,2025-12-12
474490,유안타제16호스팩,KOSDAQ,2025-12-12,2025-12-12
446150,유안타제12호스팩,KOSDAQ,2025-12-12,2025-12-12
486630,KB제30호스팩,KOSDAQ,2025-12-12,2025-12-12
0004Y0,디비금융제14호스팩,KOSDAQ,2025-12-12,2025-12-12
244460,올리패스,KOSDAQ,2025-12-12,2025-12-12
478110,이베스트스팩6호,KOSDAQ,2025-12-12,2025-12-12
455910,에스케이증권제9호스팩,KOSDAQ,2025-12-12,2025-12-12
079950,인베니아,KOSDAQ,2025-12-12,2025-12-12
006345,대원전선우,KOSPI,2025-12-12,2025-12-12
467930,IBKS제23호스팩,KOSDAQ,2025-12-12,2025-12-12
469480,IBKS제24호스팩,KOSDAQ,2025-12-12,2025-12-12
465320,교보15호스팩,KOSDAQ,2025-12-12,2025-12-12
487830,신한제15호스팩,KOSDAQ,2025-12-12,2025-12-12
456490,교보14호스팩,KOSDAQ,2025-12-12,2025-12-12
001515,SK증권우,KOSPI,2025-12-12,2025-12-12
475250,하나33호스팩,KOSDAQ,2025-12-12,2025-12-12
473370,비엔케이제2호스팩,KOSDAQ,2025-12-12,2025-12-12
472230,에스케이증권제11호스팩,KOSDAQ,2025-12-12,2025-12-12
26490K,크라운제과우,KOSPI,2025-12-12,2025-12-12
457940,에스케이증권제10호스팩,KOSDAQ,2025-12-12,2025-12-12
473000,에스케이증권제12호스팩,KOSDAQ,2025-12-12,2025-12-12
079970,투비소프트,KOSDAQ,2025-12-12,2025-12-12
475240,하나32호스팩,KOSDAQ,2025-12-12,2025-12-12
007575,일양약품우,KOSPI,2025-12-12,2025-12-12
043090,더테크놀로지,KOSDAQ,2025-12-12,2025-12-12
101390,아이엠,KOSDAQ,2025-12-12,2025-12-12
000227,유유제약2우B,KOSPI,2025-12-12,2025-12-12
395400,SK리츠,KOSPI,2025-12-12,2025-12-12
032190,다우데이타,KOSDAQ,2025-12-12,2025-12-12
052400,코나아이,KOSDAQ,2025-12-12,2025-12-12
228760,지노믹트리,KOSDAQ,2025-12-12,2025-12-12
041960,코미팜,KOSDAQ,2025-12-12,2025-12-12
189300,인텔리안테크,KOSDAQ,2025-12-12,2025-12-12
058650,세아홀딩스,KOSPI,2025-12-12,2025-12-12
016610,DB증권,KOSPI,2025-12-12,2025-12-12
128820,대성산업,KOSPI,2025-12-12,2025-12-12
043260,성호전자,KOSDAQ,2025-12-12,2025-12-12
357550,석경에이티,KOSDAQ,2025-12-12,2025-12-12
025860,남해화학,KOSPI,2025-12-12,2025-12-12
017390,서울가스,KOSPI,2025-12-12,2025-12-12
417310,코람코더원리츠,KOSPI,2025-12-12,2025-12-12
003200,일신방직,KOSPI,2025-12-12,2025-12-12
474650,링크솔루션,KOSDAQ,2025-12-12,2025-12-12
377460,위니아에이드,KOSDAQ,2025-12-12,2025-12-12
067390,아스트,KOSDAQ,2025-12-12,2025-12-12
001230,동국홀딩스,KOSPI,2025-12-12,2025-12-12
054210,이랜텍,KOSDAQ,2025-12-12,2025-12-12
095570,AJ네트웍스,KOSPI,2025-12-12,2025-12-12
009070,KCTC,KOSPI,2025-12-12,2025-12-12
053690,한미글로벌,KOSPI,2025-12-12,2025-12-12
038390,레드캡투어,KOSDAQ,2025-12-12,2025-12-12
001250,GS글로벌,KOSPI,2025-12-12,2025-12-12
217820,원익피앤이,KOSDAQ,2025-12-12,2025-12-12
405100,큐알티,KOSDAQ,2025-12-12,2025-12-12
023910,대한약품,KOSDAQ,2025-12-12,2025-12-12
138080,오이솔루션,KOSDAQ,2025-12-12,2025-12-12
337930,젝시믹스,KOSDAQ,2025-12-12,2025-12-12
023600,삼보판지,KOSDAQ,2025-12-12,2025-12-12
205100,엑셈,KOSDAQ,2025-12-12,2025-12-12
101170,우림피티에스,KOSDAQ,2025-12-12,2025-12-12
003100,선광,KOSDAQ,2025-12-12,2025-12-12
354320,알멕,KOSDAQ,2025-12-12,2025-12-12
058850,KTcs,KOSPI,2025-12-12,2025-12-12
147830,제룡산업,KOSDAQ,2025-12-12,2025-12-12
033290,코웰패션,KOSDAQ,2025-12-12,2025-12-12
059270,해성에어로보틱스,KOSDAQ,2025-12-12,2025-12-12
041930,동아화성,KOSDAQ,2025-12-12,2025-12-12
082850,우리바이오,KOSDAQ,2025-12-12,2025-12-12
023800,인지컨트롤스,KOSPI,2025-12-12,2025-12-12
119650,KC코트렐,KOSPI,2025-12-12,2025-12-12
452400,이닉스,KOSDAQ,2025-12-12,2025-12-12
036640,HRS,KOSDAQ,2025-12-12,2025-12-12
007590,동방아그로,KOSPI,2025-12-12,2025-12-12
159580,제로투세븐,KOSDAQ,2025-12-12,2025-12-12
175250,아이큐어,KOSDAQ,2025-12-12,2025-12-12
013870,지엠비코리아,KOSPI,2025-12-12,2025-12-12
039240,경남스틸,KOSDAQ,2025-12-12,2025-12-12
019990,에너토크,KOSDAQ,2025-12-12,2025-12-12
120115,코오롱인더우,KOSPI,2025-12-12,2025-12-12
004410,서울식품,KOSPI,2025-12-12,2025-12-12
322780,코퍼스코리아,KOSDAQ,2025-12-12,2025-12-12
173940,에프엔씨엔터,KOSDAQ,2025-12-12,2025-12-12
001620,케이비아이동국실업,KOSPI,2025-12-12,2025-12-12
109080,옵티시스,KOSDAQ,2025-12-12,2025-12-12
256150,한독크린텍,KOSDAQ,2025-12-12,2025-12-12
066910,손오공,KOSDAQ,2025-12-12,2025-12-12
126640,화신정공,KOSDAQ,2025-12-12,2025-12-12
353590,오토앤,KOSDAQ,2025-12-12,2025-12-12
130500,GH신소재,KOSDAQ,2025-12-12,2025-12-12
446070,유니드비티플러스,KOSPI,2025-12-12,2025-12-12
196450,코아시아씨엠,KOSDAQ,2025-12-12,2025-12-12
284620,카이노스메드,KOSDAQ,2025-12-12,2025-12-12
013000,세우글로벌,KOSPI,2025-12-12,2025-12-12
009140,경인전자,KOSPI,2025-12-12,2025-12-12
900110,이스트아시아홀딩스,KOSDAQ,2025-12-12,2025-12-12
047080,한빛소프트,KOSDAQ,2025-12-12,2025-12-12
257370,피엔티엠에스,KOSDAQ,2025-12-12,2025-12-12
054940,엑사이엔씨,KOSDAQ,2025-12-12,2025-12-12
001770,SHD,KOSPI,2025-12-12,2025-12-12
067770,세진티에스,KOSDAQ,2025-12-12,2025-12-12
900120,씨엑스아이,KOSDAQ,2025-12-12,2025-12-12
482680,미래에셋비전스팩7호,KOSDAQ,2025-12-12,2025-12-12
204210,스타에스엠리츠,KOSPI,2025-12-12,2025-12-12
032685,소프트센우,KOSDAQ,2025-12-12,2025-12-12
